Customer,BIN,ProductID,CardStockID,TagProductID,DPProfileName,MachineProductName,ShipMethod_1,ShipMethod_4,ShipMethod_5,ShipMethod_6,ShipMethod_7,ShipMethod_8,ShipMethod_9,ShipMethod_10,ShipMethod_11,ShipMethod_0,ShipMethod_12,ServiceType,PackageType,WeightOz,ShipDate,FromFullName,FromAddress1,FromAddress2,FromCity,FromState,FromCountry,FromZIPCode,IntFromFacility,BulkCompany,BulkFullName,BulkAddress1,BulkAddress2,BulkCity,BulkState,BulkCountry,BulkZIPCode,FEDEXAccount,FEDEXPhoneNumber,BulkShipMethod_1,BulkShipMethod_4,BulkShipMethod_5,BulkShipMethod_6,BulkShipMethod_7,BulkShipMethod_8,BulkShipMethod_9,BulkShipMethod_10,BulkShipMethod_11,BulkShipMethod_0,BulkShipMethod_12
FOUND,555740,2,NA,DI,P_LITHIC_MC_20_61_94_98_ST_TOPAZ_12_V01_v143,FOUND_MC_20_94_ST_TOPAZ_122_V01_DI,USPS,USPS_TR,USPS_PM,FEDx_SON,FEDx_OR,FEDx_EXP,INT_STD,INT_STD_TR,FEDx_INT_ECO,BULK,BULK,,Package,1,0,,80 Corbett Way,,Eatontown,NJ,US,7724,TAGUS,,,,,,,,,,,USPS,USPS_TR,USPS_PM,FEDx_SON,FEDx_OR,FEDx_EXP,INT_STD,INT_STD_TR,FEDx_INT_ECO,BULK,BULK
#FOUND,555740,2,NA,DI,P_FOUND_MC_20_94_ST_TOPAZ_122_V01_v143,FOUND_MC_20_94_ST_TOPAZ_122_V01_DI,USPS,USPS_TR,USPS_PM,FEDx_SON,FEDx_OR,FEDx_EXP,INT_STD,INT_STD_TR,FEDx_INT_ECO,BULK,BULK,,Package,1,0,,80 Corbett Way,,Eatontown,NJ,US,7724,TAGUS,,,,,,,,,,,USPS,USPS_TR,USPS_PM,FEDx_SON,FEDx_OR,FEDx_EXP,INT_STD,INT_STD_TR,FEDx_INT_ECO,BULK,BULK
FOUND,555740,3,NA,CT,P_LITHIC_MC_20_61_ST_TOPAZ_12_V01_v143,FOUND_MC_20_ST_TOPAZ_122_CT,USPS,USPS_TR,USPS_PM,FEDx_SON,FEDx_OR,FEDx_EXP,INT_STD,INT_STD_TR,FEDx_INT_ECO,BULK,BULK,,Package,1,0,,80 Corbett Way,,Eatontown,NJ,US,7724,TAGUS,,,,,,,,,,,USPS,USPS_TR,USPS_PM,FEDx_SON,FEDx_OR,FEDx_EXP,INT_STD,INT_STD_TR,FEDx_INT_ECO,BULK,BULK
#FOUND,555740,3,NA,CT,P_FOUND_MC_20_ST_TOPAZ_122_V01_v143,FOUND_MC_20_ST_TOPAZ_122_CT,USPS,USPS_TR,USPS_PM,FEDx_SON,FEDx_OR,FEDx_EXP,INT_STD,INT_STD_TR,FEDx_INT_ECO,BULK,BULK,,Package,1,0,,80 Corbett Way,,Eatontown,NJ,US,7724,TAGUS,,,,,,,,,,,USPS,USPS_TR,USPS_PM,FEDx_SON,FEDx_OR,FEDx_EXP,INT_STD,INT_STD_TR,FEDx_INT_ECO,BULK,BULK
#FOUND,555740,1,NA,CT,P_FOUND_MC_20_94_ST_TOPAZ_122_V01_v143,FOUND_MC_20_94_ST_TOPAZ_122_V01,USPS,USPS_TR,USPS_PM,FEDx_SON,FEDx_OR,FEDx_EXP,INT_STD,INT_STD_TR,FEDx_INT_ECO,BULK,BULK,,Package,1,0,,80 Corbett Way,,Eatontown,NJ,US,7724,TAGUS,,,,,,,,,,,USPS,USPS_TR,USPS_PM,FEDx_SON,FEDx_OR,FEDx_EXP,INT_STD,INT_STD_TR,FEDx_INT_ECO,BULK,BULK
#FOUND,555740,9,NA,CT,P_FOUND_MC_20_ST_TOPAZ_122_V01_v143,FOUND_MC_20_ST_TOPAZ_122_V01,USPS,USPS_TR,USPS_PM,FEDx_SON,FEDx_OR,FEDx_EXP,INT_STD,INT_STD_TR,FEDx_INT_ECO,BULK,BULK,,Package,1,0,,80 Corbett Way,,Eatontown,NJ,US,7724,TAGUS,,,,,,,,,,,USPS,USPS_TR,USPS_PM,FEDx_SON,FEDx_OR,FEDx_EXP,INT_STD,INT_STD_TR,FEDx_INT_ECO,BULK,BULK
FOUND,555740,11,NA,DI_BLU,P_LITHIC_MC_20_61_94_98_ST_TOPAZ_12_V01_v143,FOUND_MC_20_94_ST_TOPAZ_122_V01_DI_BLU,USPS,USPS_TR,USPS_PM,FEDx_SON,FEDx_OR,FEDx_EXP,INT_STD,INT_STD_TR,FEDx_INT_ECO,BULK,BULK,,Package,1,0,,80 Corbett Way,,Eatontown,NJ,US,7724,TAGUS,,,,,,,,,,,USPS,USPS_TR,USPS_PM,FEDx_SON,FEDx_OR,FEDx_EXP,INT_STD,INT_STD_TR,FEDx_INT_ECO,BULK,BULK
#FOUND,555740,11,NA,DI_BLU,P_FOUND_MC_20_94_ST_TOPAZ_122_V01_v143,FOUND_MC_20_94_ST_TOPAZ_122_V01_DI_BLU,USPS,USPS_TR,USPS_PM,FEDx_SON,FEDx_OR,FEDx_EXP,INT_STD,INT_STD_TR,FEDx_INT_ECO,BULK,BULK,,Package,1,0,,80 Corbett Way,,Eatontown,NJ,US,7724,TAGUS,,,,,,,,,,,USPS,USPS_TR,USPS_PM,FEDx_SON,FEDx_OR,FEDx_EXP,INT_STD,INT_STD_TR,FEDx_INT_ECO,BULK,BULK
FOUND,555740,12,NA,DI_GRN,P_LITHIC_MC_20_61_94_98_ST_TOPAZ_12_V01_v143,FOUND_MC_20_94_ST_TOPAZ_122_V01_DI_GRN,USPS,USPS_TR,USPS_PM,FEDx_SON,FEDx_OR,FEDx_EXP,INT_STD,INT_STD_TR,FEDx_INT_ECO,BULK,BULK,,Package,1,0,,80 Corbett Way,,Eatontown,NJ,US,7724,TAGUS,,,,,,,,,,,USPS,USPS_TR,USPS_PM,FEDx_SON,FEDx_OR,FEDx_EXP,INT_STD,INT_STD_TR,FEDx_INT_ECO,BULK,BULK
#FOUND,555740,12,NA,DI_GRN,P_FOUND_MC_20_94_ST_TOPAZ_122_V01_v143,FOUND_MC_20_94_ST_TOPAZ_122_V01_DI_GRN,USPS,USPS_TR,USPS_PM,FEDx_SON,FEDx_OR,FEDx_EXP,INT_STD,INT_STD_TR,FEDx_INT_ECO,BULK,BULK,,Package,1,0,,80 Corbett Way,,Eatontown,NJ,US,7724,TAGUS,,,,,,,,,,,USPS,USPS_TR,USPS_PM,FEDx_SON,FEDx_OR,FEDx_EXP,INT_STD,INT_STD_TR,FEDx_INT_ECO,BULK,BULK
#MERCURY,534271,5,NA,DI,P_MERCURY_MC_20_94_ST_TOPAZ_123_V01_v143,MERCURY_MC_20_94_ST_TOPAZ_123_V01,USPS,USPS_TR,USPS_PM,FEDx_SON,FEDx_OR,FEDx_EXP,INT_STD,INT_STD_TR,FEDx_INT_ECO,BULK,BULK,,Package,1,1,,80 Corbett Way,,Eatontown,NJ,US,7724,TAGPL,,,,,,,,,,,USPS,USPS_TR,USPS_PM,FEDx_SON,FEDx_OR,FEDx_EXP,INT_STD,INT_STD_TR,FEDx_INT_ECO,BULK,BULK
#MERCURY,534271,5,NA,DI,P_MERCURY_MC_20_94_ST_TOPAZ_123_V01_v143,MERCURY_MC_20_94_ST_TOPAZ_123_V01,USPS,USPS_PM,USPS_PM,FEDx_SON,FEDx_OR,FEDx_EXP,INT_STD,INT_STD_TR,FEDx_INT_ECO,BULK,BULK,,Package,1,1,,80 Corbett Way,,Eatontown,NJ,US,7724,TAGPL,,,,,,,,,,,USPS,USPS_TR,USPS_PM,FEDx_SON,FEDx_OR,FEDx_EXP,INT_STD,INT_STD_TR,FEDx_INT_ECO,BULK,BULK
MERCURY,534271,5,NA,PL_DB,P_MERCURY_MC_20_61_94_98_ST_TOPAZ_12_V01_v143,MERCURY_MC_20_61_94_98_ST_TOPAZ_12_V01,USPS,USPS_TR,USPS_PM,FEDx_SON,FEDx_OR,FEDx_EXP,INT_STD,INT_STD_TR,FEDx_INT_ECO,BULK,BULK,,Package,1,1,,80 Corbett Way,,Eatontown,NJ,US,7724,TAGPL,,,,,,,,,,,USPS,USPS_TR,USPS_PM,FEDx_SON,FEDx_OR,FEDx_EXP,INT_STD,INT_STD_TR,FEDx_INT_ECO,BULK,BULK
MERCURY,534271,14,NA,DEBIT,P_LITHIC_MC_20_61_94_98_ST_TOPAZ_12_V01_v143,MERCURY_MC_20_61_94_98_ST_TOPAZ_12_V01,USPS,USPS_TR,USPS_PM,FEDx_SON,FEDx_OR,FEDx_EXP,INT_STD,INT_STD_TR,FEDx_INT_ECO,BULK,BULK,,Package,1,1,,80 Corbett Way,,Eatontown,NJ,US,7724,TAGPL,,,,,,,,,,,USPS,USPS_TR,USPS_PM,FEDx_SON,FEDx_OR,FEDx_EXP,INT_STD,INT_STD_TR,FEDx_INT_ECO,BULK,BULK
MERCURY,52368600,43,NA,MT_CR,P_MERCURY_MC_20_94_ST_TOPAZ_123_V02_v143,MERCURY_MT_MC_CREDIT,USPS,USPS_TR,USPS_PM,FEDx_SON,FEDx_OR,FEDx_EXP,INT_STD,INT_STD_TR,FEDx_INT_ECO,BULK,BULK,,Package,1,1,,80 Corbett Way,,Eatontown,NJ,US,7724,TAGUS,,,,,,,,,,,USPS,USPS_TR,USPS_PM,FEDx_SON,FEDx_OR,FEDx_EXP,INT_STD,INT_STD_TR,FEDx_INT_ECO,BULK,BULK
MERCURY,52368600,32,NA,PL_CR,P_MERCURY_MC_20_94_ST_TOPAZ_123_V03_v143,MERCURY_PL_MC_CREDIT,USPS,USPS_TR,USPS_PM,FEDx_SON,FEDx_OR,FEDx_EXP,INT_STD,INT_STD_TR,FEDx_INT_ECO,BULK,BULK,,Package,1,1,,80 Corbett Way,,Eatontown,NJ,US,7724,TAGPL,,,,,,,,,,,USPS,USPS_TR,USPS_PM,FEDx_SON,FEDx_OR,FEDx_EXP,INT_STD,INT_STD_TR,FEDx_INT_ECO,BULK,BULK
LITHIC,522419,4,NA,PAY_TGTHR_BLK,P_LITHIC_MC_20_61_94_98_ST_TOPAZ_12_V01_v143,PAY_TGTHR_MC_20_94_ST_TOPAZ_122_V01_DI,USPS,USPS_TR,USPS_PM,FEDx_SON,FEDx_OR,FEDx_EXP,INT_STD,INT_STD_TR,FEDx_INT_ECO,BULK,BULK,,Package,1,1,,80 Corbett Way,,Eatontown,NJ,US,7724,TAGUS,,,,,,,,,,,USPS,USPS_TR,USPS_PM,FEDx_SON,FEDx_OR,FEDx_EXP,INT_STD,INT_STD_TR,FEDx_INT_ECO,BULK,BULK
#LITHIC,522419,4,NA,PAY_TGTHR_BLK,P_LITHIC_MC_20_94_ST_TOPAZ_122_V01_v143,PAY_TGTHR_MC_20_94_ST_TOPAZ_122,USPS,USPS_TR,USPS_PM,FEDx_SON,FEDx_OR,FEDx_EXP,INT_STD,INT_STD_TR,FEDx_INT_ECO,BULK,BULK,,Package,1,1,,80 Corbett Way,,Eatontown,NJ,US,7724,TAGUS,,,,,,,,,,,USPS,USPS_TR,USPS_PM,FEDx_SON,FEDx_OR,FEDx_EXP,INT_STD,INT_STD_TR,FEDx_INT_ECO,BULK,BULK
LITHIC,522419,6,NA,WEDGE_WHT,P_LITHIC_MC_20_61_94_98_ST_TOPAZ_12_V01_v143,WEDGE_MC_20_94_ST_TOPAZ_122_V01_DI,USPS,USPS_TR,USPS_PM,FEDx_SON,FEDx_OR,FEDx_EXP,INT_STD,INT_STD_TR,FEDx_INT_ECO,BULK,BULK,,Package,1,1,,80 Corbett Way,,Eatontown,NJ,US,7724,TAGUS,,,,,,,,,,,USPS,USPS_TR,USPS_PM,FEDx_SON,FEDx_OR,FEDx_EXP,INT_STD,INT_STD_TR,FEDx_INT_ECO,BULK,BULK
#LITHIC,522419,6,NA,WEDGE_WHT,P_LITHIC_MC_20_94_ST_TOPAZ_122_V01_v143,WEDGE_MC_20_94_ST_TOPAZ_122,USPS,USPS_TR,USPS_PM,FEDx_SON,FEDx_OR,FEDx_EXP,INT_STD,INT_STD_TR,FEDx_INT_ECO,BULK,BULK,,Package,1,1,,80 Corbett Way,,Eatontown,NJ,US,7724,TAGUS,,,,,,,,,,,USPS,USPS_TR,USPS_PM,FEDx_SON,FEDx_OR,FEDx_EXP,INT_STD,INT_STD_TR,FEDx_INT_ECO,BULK,BULK
LITHIC,522419,8,NA,OUTLET_BLK,P_LITHIC_MC_20_61_94_98_ST_TOPAZ_12_V01_v143,OUTLET_MC_20_94_ST_TOPAZ_122_V01_DI,USPS,USPS_TR,USPS_PM,FEDx_SON,FEDx_OR,FEDx_EXP,INT_STD,INT_STD_TR,FEDx_INT_ECO,BULK,BULK,,Package,1,1,,80 Corbett Way,,Eatontown,NJ,US,7724,TAGUS,,,,,,,,,,,USPS,USPS_TR,USPS_PM,FEDx_SON,FEDx_OR,FEDx_EXP,INT_STD,INT_STD_TR,FEDx_INT_ECO,BULK,BULK
#LITHIC,522419,8,NA,OUTLET_BLK,P_LITHIC_MC_20_94_ST_TOPAZ_122_V01_v143,OUTLET_MC_20_94_ST_TOPAZ_122_V01,USPS,USPS_TR,USPS_PM,FEDx_SON,FEDx_OR,FEDx_EXP,INT_STD,INT_STD_TR,FEDx_INT_ECO,BULK,BULK,,Package,1,1,,80 Corbett Way,,Eatontown,NJ,US,7724,TAGUS,,,,,,,,,,,USPS,USPS_TR,USPS_PM,FEDx_SON,FEDx_OR,FEDx_EXP,INT_STD,INT_STD_TR,FEDx_INT_ECO,BULK,BULK
LITHIC,522419,9,NA,ECO_BLK,P_LITHIC_MC_20_61_94_98_ST_TOPAZ_12_V01_v143,ECO_MC_20_94_ST_TOPAZ_122_V01_DI,USPS,USPS_TR,USPS_PM,FEDx_SON,FEDx_OR,FEDx_EXP,INT_STD,INT_STD_TR,FEDx_INT_ECO,BULK,BULK,,Package,1,1,,80 Corbett Way,,Eatontown,NJ,US,7724,TAGUS,,,,,,,,,,,USPS,USPS_TR,USPS_PM,FEDx_SON,FEDx_OR,FEDx_EXP,INT_STD,INT_STD_TR,FEDx_INT_ECO,BULK,BULK
#LITHIC,522419,9,NA,ECO_BLK,P_LITHIC_MC_20_94_ST_TOPAZ_122_V01_v143,ECO_MC_20_94_ST_TOPAZ_122,USPS,USPS_TR,USPS_PM,FEDx_SON,FEDx_OR,FEDx_EXP,INT_STD,INT_STD_TR,FEDx_INT_ECO,BULK,BULK,,Package,1,1,,80 Corbett Way,,Eatontown,NJ,US,7724,TAGUS,,,,,,,,,,,USPS,USPS_TR,USPS_PM,FEDx_SON,FEDx_OR,FEDx_EXP,INT_STD,INT_STD_TR,FEDx_INT_ECO,BULK,BULK
LITHIC,556310,14,NA,KMS_TESTING,P_LITHIC_MC_20_94_ST_TOPAZ_122_V04_v143,KMS_TESTING_MC_20_94_ST_TOPAZ_122,USPS,USPS_TR,USPS_PM,FEDx_SON,FEDx_OR,FEDx_EXP,INT_STD,INT_STD_TR,FEDx_INT_ECO,BULK,BULK,,Package,1,1,,80 Corbett Way,,Eatontown,NJ,US,7724,TAGUS,,,,,,,,,,,USPS,USPS_TR,USPS_PM,FEDx_SON,FEDx_OR,FEDx_EXP,INT_STD,INT_STD_TR,FEDx_INT_ECO,BULK,BULK
LITHIC,543930,14,NA,KMS_TESTING,P_LITHIC_MC_20_94_ST_TOPAZ_122_V04_v143,KMS_TESTING_20_94_ST_TOPAZ_122,USPS,USPS_TR,USPS_PM,FEDx_SON,FEDx_OR,FEDx_EXP,INT_STD,INT_STD_TR,FEDx_INT_ECO,BULK,BULK,,Package,1,1,,80 Corbett Way,,Eatontown,NJ,US,7724,TAGUS,,,,,,,,,,,USPS,USPS_TR,USPS_PM,FEDx_SON,FEDx_OR,FEDx_EXP,INT_STD,INT_STD_TR,FEDx_INT_ECO,BULK,BULK
LITHIC,543930,38,NA,ARROW,P_LITHIC_MC_20_94_ST_TOPAZ_122_V04_v143,ARROW_MC_20_94_ST_TOPAZ_122_V01_DI,USPS,USPS_TR,USPS_PM,FEDx_SON,FEDx_OR,FEDx_EXP,INT_STD,INT_STD_TR,FEDx_INT_ECO,BULK,BULK,,Package,1,1,,80 Corbett Way,,Eatontown,NJ,US,7724,TAGUS,,,,,,,,,,,USPS,USPS_TR,USPS_PM,FEDx_SON,FEDx_OR,FEDx_EXP,INT_STD,INT_STD_TR,FEDx_INT_ECO,BULK,BULK
LITHIC,522419,18,NA,FUSE,P_LITHIC_MC_20_61_94_98_ST_TOPAZ_12_V01_v143,FUSE_MC_20_94_ST_TOPAZ_122_V01_DI,USPS,USPS_TR,USPS_PM,FEDx_SON,FEDx_OR,FEDx_EXP,INT_STD,INT_STD_TR,FEDx_INT_ECO,BULK,BULK,,Package,1,1,,80 Corbett Way,,Eatontown,NJ,US,7724,TAGUS,,,,,,,,,,,USPS,USPS_TR,USPS_PM,FEDx_SON,FEDx_OR,FEDx_EXP,INT_STD,INT_STD_TR,FEDx_INT_ECO,BULK,BULK
#LITHIC,522419,18,NA,FUSE,P_LITHIC_MC_20_94_ST_TOPAZ_122_V01_v143,FUSE_MC_20_94_ST_TOPAZ_122,USPS,USPS_TR,USPS_PM,FEDx_SON,FEDx_OR,FEDx_EXP,INT_STD,INT_STD_TR,FEDx_INT_ECO,BULK,BULK,,Package,1,1,,80 Corbett Way,,Eatontown,NJ,US,7724,TAGUS,,,,,,,,,,,USPS,USPS_TR,USPS_PM,FEDx_SON,FEDx_OR,FEDx_EXP,INT_STD,INT_STD_TR,FEDx_INT_ECO,BULK,BULK
LITHIC,522419,58,NA,BLACKUNIFI,P_LITHIC_MC_20_61_94_98_ST_TOPAZ_12_V01_v143,UNIFI_MC_20_94_ST_TOPAZ_122_V01_DI,USPS,USPS_TR,USPS_PM,FEDx_SON,FEDx_OR,FEDx_EXP,INT_STD,INT_STD_TR,FEDx_INT_ECO,BULK,BULK,,Package,1,1,,80 Corbett Way,,Eatontown,NJ,US,7724,TAGUS,,,,,,,,,,,USPS,USPS_TR,USPS_PM,FEDx_SON,FEDx_OR,FEDx_EXP,INT_STD,INT_STD_TR,FEDx_INT_ECO,BULK,BULK
#LITHIC,522419,58,NA,BLACKUNIFI,P_LITHIC_MC_20_94_ST_TOPAZ_122_V01_v143,UNIFI_MC_20_94_ST_TOPAZ_122,USPS,USPS_TR,USPS_PM,FEDx_SON,FEDx_OR,FEDx_EXP,INT_STD,INT_STD_TR,FEDx_INT_ECO,BULK,BULK,,Package,1,1,,80 Corbett Way,,Eatontown,NJ,US,7724,TAGUS,,,,,,,,,,,USPS,USPS_TR,USPS_PM,FEDx_SON,FEDx_OR,FEDx_EXP,INT_STD,INT_STD_TR,FEDx_INT_ECO,BULK,BULK
GREENTECH,531367,7,NA,WHT,P_LITHIC_MC_20_61_94_98_ST_TOPAZ_12_V01_v143,GREENTECH_MC_20_94_ST_TOPAZ_122_V01_DI,USPS,USPS_TR,USPS_PM,FEDx_SON,FEDx_OR,FEDx_EXP,INT_STD,INT_STD_TR,FEDx_INT_ECO,BULK,BULK,,Package,1,1,,80 Corbett Way,,Eatontown,NJ,US,7724,TAGUS,,,,,,,,,,,USPS,USPS_TR,USPS_PM,FEDx_SON,FEDx_OR,FEDx_EXP,INT_STD,INT_STD_TR,FEDx_INT_ECO,BULK,BULK
#GREENTECH,531367,7,NA,WHT,P_LITHIC_MC_20_94_ST_TOPAZ_122_V01_v143,GREENTECH_MC_20_94_ST_TOPAZ_122_V01,USPS,USPS_TR,USPS_PM,FEDx_SON,FEDx_OR,FEDx_EXP,INT_STD,INT_STD_TR,FEDx_INT_ECO,BULK,BULK,,Package,1,1,,80 Corbett Way,,Eatontown,NJ,US,7724,TAGUS,,,,,,,,,,,USPS,USPS_TR,USPS_PM,FEDx_SON,FEDx_OR,FEDx_EXP,INT_STD,INT_STD_TR,FEDx_INT_ECO,BULK,BULK
GIVERRANG,531367,19,NA,GIVERRANG_STD,P_LITHIC_MC_20_61_94_98_ST_TOPAZ_12_V01_v143,GIVERRANG_MC_20_94_ST_TOPAZ_122_V01_DI,USPS,USPS_TR,USPS_PM,FEDx_SON,FEDx_OR,FEDx_EXP,INT_STD,INT_STD_TR,FEDx_INT_ECO,BULK,BULK,,Package,1,1,,80 Corbett Way,,Eatontown,NJ,US,7724,TAGUS,,,,,,,,,,,USPS,USPS_TR,USPS_PM,FEDx_SON,FEDx_OR,FEDx_EXP,INT_STD,INT_STD_TR,FEDx_INT_ECO,BULK,BULK
#GIVERRANG,531367,19,NA,GIVERRANG_STD,P_LITHIC_MC_20_94_ST_TOPAZ_122_V01_v143,GIVERRANG_MC_20_94_ST_TOPAZ_122_V01,USPS,USPS_TR,USPS_PM,FEDx_SON,FEDx_OR,FEDx_EXP,INT_STD,INT_STD_TR,FEDx_INT_ECO,BULK,BULK,,Package,1,1,,80 Corbett Way,,Eatontown,NJ,US,7724,TAGUS,,,,,,,,,,,USPS,USPS_TR,USPS_PM,FEDx_SON,FEDx_OR,FEDx_EXP,INT_STD,INT_STD_TR,FEDx_INT_ECO,BULK,BULK
GIVERRANG,531367,1,NA,GIVERRANG_B2L,P_LITHIC_MC_20_61_94_98_ST_TOPAZ_12_V01_v143,GIVERRANG_MC_20_94_ST_TOPAZ_122_V01_DI,USPS,USPS_TR,USPS_PM,FEDx_SON,FEDx_OR,FEDx_EXP,INT_STD,INT_STD_TR,FEDx_INT_ECO,BULK,BULK,,Package,1,1,,80 Corbett Way,,Eatontown,NJ,US,7724,TAGUS,,,,,,,,,,,USPS,USPS_TR,USPS_PM,FEDx_SON,FEDx_OR,FEDx_EXP,INT_STD,INT_STD_TR,FEDx_INT_ECO,BULK,BULK
#GIVERRANG,531367,1,NA,GIVERRANG_B2L,P_LITHIC_MC_20_94_ST_TOPAZ_122_V01_v143,GIVERRANG_MC_20_94_ST_TOPAZ_122_V01,USPS,USPS_TR,USPS_PM,FEDx_SON,FEDx_OR,FEDx_EXP,INT_STD,INT_STD_TR,FEDx_INT_ECO,BULK,BULK,,Package,1,1,,80 Corbett Way,,Eatontown,NJ,US,7724,TAGUS,,,,,,,,,,,USPS,USPS_TR,USPS_PM,FEDx_SON,FEDx_OR,FEDx_EXP,INT_STD,INT_STD_TR,FEDx_INT_ECO,BULK,BULK
GIVERRANG,531367,20,NA,GIVERRANG_B1L,P_LITHIC_MC_20_61_94_98_ST_TOPAZ_12_V01_v143,GIVERRANG_MC_20_94_ST_TOPAZ_122_V01_DI,USPS,USPS_TR,USPS_PM,FEDx_SON,FEDx_OR,FEDx_EXP,INT_STD,INT_STD_TR,FEDx_INT_ECO,BULK,BULK,,Package,1,1,,80 Corbett Way,,Eatontown,NJ,US,7724,TAGUS,,,,,,,,,,,USPS,USPS_TR,USPS_PM,FEDx_SON,FEDx_OR,FEDx_EXP,INT_STD,INT_STD_TR,FEDx_INT_ECO,BULK,BULK
#GIVERRANG,531367,20,NA,GIVERRANG_B1L,P_LITHIC_MC_20_94_ST_TOPAZ_122_V01_v143,GIVERRANG_MC_20_94_ST_TOPAZ_122_V01,USPS,USPS_TR,USPS_PM,FEDx_SON,FEDx_OR,FEDx_EXP,INT_STD,INT_STD_TR,FEDx_INT_ECO,BULK,BULK,,Package,1,1,,80 Corbett Way,,Eatontown,NJ,US,7724,TAGUS,,,,,,,,,,,USPS,USPS_TR,USPS_PM,FEDx_SON,FEDx_OR,FEDx_EXP,INT_STD,INT_STD_TR,FEDx_INT_ECO,BULK,BULK
GIVERRANG,531367,24,NA,GIVERRANG_B2LREW,P_LITHIC_MC_20_61_94_98_ST_TOPAZ_12_V01_v143,GIVERRANG_MC_20_94_ST_TOPAZ_122_V01_DI,USPS,USPS_TR,USPS_PM,FEDx_SON,FEDx_OR,FEDx_EXP,INT_STD,INT_STD_TR,FEDx_INT_ECO,BULK,BULK,,Package,1,1,,80 Corbett Way,,Eatontown,NJ,US,7724,TAGUS,,,,,,,,,,,USPS,USPS_TR,USPS_PM,FEDx_SON,FEDx_OR,FEDx_EXP,INT_STD,INT_STD_TR,FEDx_INT_ECO,BULK,BULK
#GIVERRANG,531367,24,NA,GIVERRANG_B2LREW,P_LITHIC_MC_20_94_ST_TOPAZ_122_V01_v143,GIVERRANG_MC_20_94_ST_TOPAZ_122_V01,USPS,USPS_TR,USPS_PM,FEDx_SON,FEDx_OR,FEDx_EXP,INT_STD,INT_STD_TR,FEDx_INT_ECO,BULK,BULK,,Package,1,1,,80 Corbett Way,,Eatontown,NJ,US,7724,TAGUS,,,,,,,,,,,USPS,USPS_TR,USPS_PM,FEDx_SON,FEDx_OR,FEDx_EXP,INT_STD,INT_STD_TR,FEDx_INT_ECO,BULK,BULK
GIVERRANG,531367,23,NA,GIVERRANG_B1LREW,P_LITHIC_MC_20_61_94_98_ST_TOPAZ_12_V01_v143,GIVERRANG_MC_20_94_ST_TOPAZ_122_V01_DI,USPS,USPS_TR,USPS_PM,FEDx_SON,FEDx_OR,FEDx_EXP,INT_STD,INT_STD_TR,FEDx_INT_ECO,BULK,BULK,,Package,1,1,,80 Corbett Way,,Eatontown,NJ,US,7724,TAGUS,,,,,,,,,,,USPS,USPS_TR,USPS_PM,FEDx_SON,FEDx_OR,FEDx_EXP,INT_STD,INT_STD_TR,FEDx_INT_ECO,BULK,BULK
#GIVERRANG,531367,23,NA,GIVERRANG_B1LREW,P_LITHIC_MC_20_94_ST_TOPAZ_122_V01_v143,GIVERRANG_MC_20_94_ST_TOPAZ_122_V01,USPS,USPS_TR,USPS_PM,FEDx_SON,FEDx_OR,FEDx_EXP,INT_STD,INT_STD_TR,FEDx_INT_ECO,BULK,BULK,,Package,1,1,,80 Corbett Way,,Eatontown,NJ,US,7724,TAGUS,,,,,,,,,,,USPS,USPS_TR,USPS_PM,FEDx_SON,FEDx_OR,FEDx_EXP,INT_STD,INT_STD_TR,FEDx_INT_ECO,BULK,BULK
GIVERRANG,531367,25,NA,GIVERRANG_B3LREW,P_LITHIC_MC_20_61_94_98_ST_TOPAZ_12_V01_v143,GIVERRANG_MC_20_94_ST_TOPAZ_122_V01_DI,USPS,USPS_TR,USPS_PM,FEDx_SON,FEDx_OR,FEDx_EXP,INT_STD,INT_STD_TR,FEDx_INT_ECO,BULK,BULK,,Package,1,1,,80 Corbett Way,,Eatontown,NJ,US,7724,TAGUS,,,,,,,,,,,USPS,USPS_TR,USPS_PM,FEDx_SON,FEDx_OR,FEDx_EXP,INT_STD,INT_STD_TR,FEDx_INT_ECO,BULK,BULK
#GIVERRANG,531367,25,NA,GIVERRANG_B3LREW,P_LITHIC_MC_20_94_ST_TOPAZ_122_V01_v143,GIVERRANG_MC_20_94_ST_TOPAZ_122_V01,USPS,USPS_TR,USPS_PM,FEDx_SON,FEDx_OR,FEDx_EXP,INT_STD,INT_STD_TR,FEDx_INT_ECO,BULK,BULK,,Package,1,1,,80 Corbett Way,,Eatontown,NJ,US,7724,TAGUS,,,,,,,,,,,USPS,USPS_TR,USPS_PM,FEDx_SON,FEDx_OR,FEDx_EXP,INT_STD,INT_STD_TR,FEDx_INT_ECO,BULK,BULK
FUNNELDASH,531367,13,NA,FUNNELDASH,P_LITHIC_MC_20_61_94_98_ST_TOPAZ_12_V01_v143,FUNNELDASH_MC_20_94_ST_TOPAZ_122_V01_DI,USPS,USPS_TR,USPS_PM,FEDx_SON,FEDx_OR,FEDx_EXP,INT_STD,INT_STD_TR,FEDx_INT_ECO,BULK,BULK,,Package,1,1,,80 Corbett Way,,Eatontown,NJ,US,7724,TAGUS,,,,,,,,,,,USPS,USPS_TR,USPS_PM,FEDx_SON,FEDx_OR,FEDx_EXP,INT_STD,INT_STD_TR,FEDx_INT_ECO,BULK,BULK
#FUNNELDASH,531367,13,NA,FUNNELDASH,P_LITHIC_MC_20_94_ST_TOPAZ_122_V01_v143,FUNNELDASH_MC_20_94_ST_TOPAZ_122_V01,USPS,USPS_TR,USPS_PM,FEDx_SON,FEDx_OR,FEDx_EXP,INT_STD,INT_STD_TR,FEDx_INT_ECO,BULK,BULK,,Package,1,1,,80 Corbett Way,,Eatontown,NJ,US,7724,TAGUS,,,,,,,,,,,USPS,USPS_TR,USPS_PM,FEDx_SON,FEDx_OR,FEDx_EXP,INT_STD,INT_STD_TR,FEDx_INT_ECO,BULK,BULK
LITHIC,522419,15,NA,PAWP,P_LITHIC_MC_20_61_94_98_ST_TOPAZ_12_V01_v143,PAWP_MC_20_94_ST_TOPAZ_122_V01_DI,USPS,USPS_TR,USPS_PM,FEDx_SON,FEDx_OR,FEDx_EXP,INT_STD,INT_STD_TR,FEDx_INT_ECO,BULK,BULK,,Package,1,1,,80 Corbett Way,,Eatontown,NJ,US,7724,TAGUS,,,,,,,,,,,USPS,USPS_TR,USPS_PM,FEDx_SON,FEDx_OR,FEDx_EXP,INT_STD,INT_STD_TR,FEDx_INT_ECO,BULK,BULK
#LITHIC,522419,15,NA,PAWP,P_LITHIC_MC_20_94_ST_TOPAZ_122_V01_v143,PAWP_MC_20_94_ST_TOPAZ_122_V01,USPS,USPS_TR,USPS_PM,FEDx_SON,FEDx_OR,FEDx_EXP,INT_STD,INT_STD_TR,FEDx_INT_ECO,BULK,BULK,,Package,1,1,,80 Corbett Way,,Eatontown,NJ,US,7724,TAGUS,,,,,,,,,,,USPS,USPS_TR,USPS_PM,FEDx_SON,FEDx_OR,FEDx_EXP,INT_STD,INT_STD_TR,FEDx_INT_ECO,BULK,BULK
#LITHIC,522419,18,NA,YSPLIT,P_LITHIC_MC_20_94_ST_TOPAZ_122_V01_v143,YSPLIT_MC_20_94_ST_TOPAZ_122_V01,USPS,USPS_TR,USPS_PM,FEDx_SON,FEDx_OR,FEDx_EXP,INT_STD,INT_STD_TR,FEDx_INT_ECO,BULK,BULK,,Package,1,1,,80 Corbett Way,,Eatontown,NJ,US,7724,TAGUS,,,,,,,,,,,USPS,USPS_TR,USPS_PM,FEDx_SON,FEDx_OR,FEDx_EXP,INT_STD,INT_STD_TR,FEDx_INT_ECO,BULK,BULK
WAO,531367,10,NA,WAO,P_LITHIC_MC_20_61_94_98_ST_TOPAZ_12_V01_v143,WAO_MC_20_94_ST_TOPAZ_122_V01_DI,USPS,USPS_TR,USPS_PM,FEDx_SON,FEDx_OR,FEDx_EXP,INT_STD,INT_STD_TR,FEDx_INT_ECO,BULK,BULK,,Package,1,1,,80 Corbett Way,,Eatontown,NJ,US,7724,TAGUS,,,,,,,,,,,USPS,USPS_TR,USPS_PM,FEDx_SON,FEDx_OR,FEDx_EXP,INT_STD,INT_STD_TR,FEDx_INT_ECO,BULK,BULK
#WAO,531367,10,NA,WAO,P_LITHIC_MC_20_94_ST_TOPAZ_122_V01_v143,WAO_MC_20_94_ST_TOPAZ_122_V01,USPS,USPS_TR,USPS_PM,FEDx_SON,FEDx_OR,FEDx_EXP,INT_STD,INT_STD_TR,FEDx_INT_ECO,BULK,BULK,,Package,1,1,,80 Corbett Way,,Eatontown,NJ,US,7724,TAGUS,,,,,,,,,,,USPS,USPS_TR,USPS_PM,FEDx_SON,FEDx_OR,FEDx_EXP,INT_STD,INT_STD_TR,FEDx_INT_ECO,BULK,BULK
LITHIC,52368600,14,NA,8BIN00,P_LITHIC_MC_20_94_ST_TOPAZ_122_V05_v143,8BIN00_MC_20_94_ST_TOPAZ_122,USPS,USPS_TR,USPS_PM,FEDx_SON,FEDx_OR,FEDx_EXP,INT_STD,INT_STD_TR,FEDx_INT_ECO,BULK,BULK,,Package,1,1,,80 Corbett Way,,Eatontown,NJ,US,7724,TAGUS,,,,,,,,,,,USPS,USPS_TR,USPS_PM,FEDx_SON,FEDx_OR,FEDx_EXP,INT_STD,INT_STD_TR,FEDx_INT_ECO,BULK,BULK
#LITHIC,52368600,14,NA,8BIN00,P_LITHIC_MC_20_94_ST_TOPAZ_122_V03_v143,8BIN00_MC_20_94_ST_TOPAZ_122,USPS,USPS_TR,USPS_PM,FEDx_SON,FEDx_OR,FEDx_EXP,INT_STD,INT_STD_TR,FEDx_INT_ECO,BULK,BULK,,Package,1,1,,80 Corbett Way,,Eatontown,NJ,US,7724,TAGUS,,,,,,,,,,,USPS,USPS_TR,USPS_PM,FEDx_SON,FEDx_OR,FEDx_EXP,INT_STD,INT_STD_TR,FEDx_INT_ECO,BULK,BULK
LITHIC,52368601,14,NA,8BIN01,P_LITHIC_MC_20_94_ST_TOPAZ_122_V05_v143,8BIN01_MC_20_94_ST_TOPAZ_122,USPS,USPS_TR,USPS_PM,FEDx_SON,FEDx_OR,FEDx_EXP,INT_STD,INT_STD_TR,FEDx_INT_ECO,BULK,BULK,,Package,1,1,,80 Corbett Way,,Eatontown,NJ,US,7724,TAGUS,,,,,,,,,,,USPS,USPS_TR,USPS_PM,FEDx_SON,FEDx_OR,FEDx_EXP,INT_STD,INT_STD_TR,FEDx_INT_ECO,BULK,BULK
#LITHIC,52368601,14,NA,8BIN01,P_LITHIC_MC_20_94_ST_TOPAZ_122_V03_v143,8BIN01_MC_20_94_ST_TOPAZ_122,USPS,USPS_TR,USPS_PM,FEDx_SON,FEDx_OR,FEDx_EXP,INT_STD,INT_STD_TR,FEDx_INT_ECO,BULK,BULK,,Package,1,1,,80 Corbett Way,,Eatontown,NJ,US,7724,TAGUS,,,,,,,,,,,USPS,USPS_TR,USPS_PM,FEDx_SON,FEDx_OR,FEDx_EXP,INT_STD,INT_STD_TR,FEDx_INT_ECO,BULK,BULK
LITHIC,52368602,14,NA,8BIN02,P_LITHIC_MC_20_94_ST_TOPAZ_122_V03_v143,8BIN02_MC_20_94_ST_TOPAZ_122,USPS,USPS_TR,USPS_PM,FEDx_SON,FEDx_OR,FEDx_EXP,INT_STD,INT_STD_TR,FEDx_INT_ECO,BULK,BULK,,Package,1,1,,80 Corbett Way,,Eatontown,NJ,US,7724,TAGUS,,,,,,,,,,,USPS,USPS_TR,USPS_PM,FEDx_SON,FEDx_OR,FEDx_EXP,INT_STD,INT_STD_TR,FEDx_INT_ECO,BULK,BULK
LITHIC,531367,28,NA,CRAYPAY_WHT,P_LITHIC_MC_20_61_94_98_ST_TOPAZ_12_V01_v143,WHT_MC_20_94_ST_TOPAZ_122_V01_DI,USPS,USPS_TR,USPS_PM,FEDx_SON,FEDx_OR,FEDx_EXP,INT_STD,INT_STD_TR,FEDx_INT_ECO,BULK,BULK,,Package,1,1,,80 Corbett Way,,Eatontown,NJ,US,7724,TAGUS,,,,,,,,,,,USPS,USPS_TR,USPS_PM,FEDx_SON,FEDx_OR,FEDx_EXP,INT_STD,INT_STD_TR,FEDx_INT_ECO,BULK,BULK
#LITHIC,531367,28,NA,CRAYPAY_WHT,P_LITHIC_MC_20_94_ST_TOPAZ_122_V01_v143,WHT_MC_20_94_ST_TOPAZ_122,USPS,USPS_TR,USPS_PM,FEDx_SON,FEDx_OR,FEDx_EXP,INT_STD,INT_STD_TR,FEDx_INT_ECO,BULK,BULK,,Package,1,1,,80 Corbett Way,,Eatontown,NJ,US,7724,TAGUS,,,,,,,,,,,USPS,USPS_TR,USPS_PM,FEDx_SON,FEDx_OR,FEDx_EXP,INT_STD,INT_STD_TR,FEDx_INT_ECO,BULK,BULK
LITHIC,531367,27,NA,CRAYPAY_BLK,P_LITHIC_MC_20_61_94_98_ST_TOPAZ_12_V01_v143,BLK_MC_20_94_ST_TOPAZ_122_V01_DI,USPS,USPS_TR,USPS_PM,FEDx_SON,FEDx_OR,FEDx_EXP,INT_STD,INT_STD_TR,FEDx_INT_ECO,BULK,BULK,,Package,1,1,,80 Corbett Way,,Eatontown,NJ,US,7724,TAGUS,,,,,,,,,,,USPS,USPS_TR,USPS_PM,FEDx_SON,FEDx_OR,FEDx_EXP,INT_STD,INT_STD_TR,FEDx_INT_ECO,BULK,BULK
#LITHIC,531367,27,NA,CRAYPAY_BLK,P_LITHIC_MC_20_94_ST_TOPAZ_122_V01_v143,BLK_MC_20_94_ST_TOPAZ_122,USPS,USPS_TR,USPS_PM,FEDx_SON,FEDx_OR,FEDx_EXP,INT_STD,INT_STD_TR,FEDx_INT_ECO,BULK,BULK,,Package,1,1,,80 Corbett Way,,Eatontown,NJ,US,7724,TAGUS,,,,,,,,,,,USPS,USPS_TR,USPS_PM,FEDx_SON,FEDx_OR,FEDx_EXP,INT_STD,INT_STD_TR,FEDx_INT_ECO,BULK,BULK
LITHIC,531367,13,NA,DASH_WHT,P_LITHIC_MC_20_61_94_98_ST_TOPAZ_12_V01_v143,WHT_MC_20_94_ST_TOPAZ_122_V01_DI,USPS,USPS_TR,USPS_PM,FEDx_SON,FEDx_OR,FEDx_EXP,INT_STD,INT_STD_TR,FEDx_INT_ECO,BULK,BULK,,Package,1,1,,80 Corbett Way,,Eatontown,NJ,US,7724,TAGUS,,,,,,,,,,,USPS,USPS_TR,USPS_PM,FEDx_SON,FEDx_OR,FEDx_EXP,INT_STD,INT_STD_TR,FEDx_INT_ECO,BULK,BULK
#LITHIC,531367,13,NA,DASH_WHT,P_LITHIC_MC_20_94_ST_TOPAZ_122_V01_v143,WHT_MC_20_94_ST_TOPAZ_122,USPS,USPS_TR,USPS_PM,FEDx_SON,FEDx_OR,FEDx_EXP,INT_STD,INT_STD_TR,FEDx_INT_ECO,BULK,BULK,,Package,1,1,,80 Corbett Way,,Eatontown,NJ,US,7724,TAGUS,,,,,,,,,,,USPS,USPS_TR,USPS_PM,FEDx_SON,FEDx_OR,FEDx_EXP,INT_STD,INT_STD_TR,FEDx_INT_ECO,BULK,BULK
LITHIC,522419,16,NA,SPENDCARE,P_LITHIC_MC_20_61_94_98_ST_TOPAZ_12_V01_v143,SPENDCARE_MC_20_94_ST_TOPAZ_122_V01_DI,USPS,USPS_TR,USPS_PM,FEDx_SON,FEDx_OR,FEDx_EXP,INT_STD,INT_STD_TR,FEDx_INT_ECO,BULK,BULK,,Package,1,1,,80 Corbett Way,,Eatontown,NJ,US,7724,TAGUS,,,,,,,,,,,USPS,USPS_TR,USPS_PM,FEDx_SON,FEDx_OR,FEDx_EXP,INT_STD,INT_STD_TR,FEDx_INT_ECO,BULK,BULK
#LITHIC,522419,16,NA,SPENDCARE,P_LITHIC_MC_20_94_ST_TOPAZ_122_V01_v143,SPENDCARE_MC_20_94_ST_TOPAZ_122,USPS,USPS_TR,USPS_PM,FEDx_SON,FEDx_OR,FEDx_EXP,INT_STD,INT_STD_TR,FEDx_INT_ECO,BULK,BULK,,Package,1,1,,80 Corbett Way,,Eatontown,NJ,US,7724,TAGUS,,,,,,,,,,,USPS,USPS_TR,USPS_PM,FEDx_SON,FEDx_OR,FEDx_EXP,INT_STD,INT_STD_TR,FEDx_INT_ECO,BULK,BULK
LITHIC,533402,14,NA,TBD,P_LITHIC_MC_20_94_ST_TOPAZ_122_V04_v143,LITHIC_MC_20_61_94_98_ST_TOPAZ_12_V01,USPS,USPS_TR,USPS_PM,FEDx_SON,FEDx_OR,FEDx_EXP,INT_STD,INT_STD_TR,FEDx_INT_ECO,BULK,BULK,,Package,1,1,,80 Corbett Way,,Eatontown,NJ,US,7724,TAGUS,,,,,,,,,,,USPS,USPS_TR,USPS_PM,FEDx_SON,FEDx_OR,FEDx_EXP,INT_STD,INT_STD_TR,FEDx_INT_ECO,BULK,BULK
LITHIC,533403,14,NA,TBD,P_LITHIC_MC_20_94_ST_TOPAZ_122_V01_v143,LITHIC_MC_20_61_94_98_ST_TOPAZ_12_V01,USPS,USPS_TR,USPS_PM,FEDx_SON,FEDx_OR,FEDx_EXP,INT_STD,INT_STD_TR,FEDx_INT_ECO,BULK,BULK,,Package,1,1,,80 Corbett Way,,Eatontown,NJ,US,7724,TAGUS,,,,,,,,,,,USPS,USPS_TR,USPS_PM,FEDx_SON,FEDx_OR,FEDx_EXP,INT_STD,INT_STD_TR,FEDx_INT_ECO,BULK,BULK
LITHIC,539403,14,NA,TBD,P_LITHIC_MC_20_94_ST_TOPAZ_122_V01_v143,LITHIC_MC_20_61_94_98_ST_TOPAZ_12_V01,USPS,USPS_TR,USPS_PM,FEDx_SON,FEDx_OR,FEDx_EXP,INT_STD,INT_STD_TR,FEDx_INT_ECO,BULK,BULK,,Package,1,1,,80 Corbett Way,,Eatontown,NJ,US,7724,TAGUS,,,,,,,,,,,USPS,USPS_TR,USPS_PM,FEDx_SON,FEDx_OR,FEDx_EXP,INT_STD,INT_STD_TR,FEDx_INT_ECO,BULK,BULK
LITHIC,539406,14,NA,TBD,P_LITHIC_MC_20_94_ST_TOPAZ_122_V01_v143,MC_20_94_ST_TOPAZ_122,USPS,USPS_TR,USPS_PM,FEDx_SON,FEDx_OR,FEDx_EXP,INT_STD,INT_STD_TR,FEDx_INT_ECO,BULK,BULK,,Package,1,1,,80 Corbett Way,,Eatontown,NJ,US,7724,TAGUS,,,,,,,,,,,USPS,USPS_TR,USPS_PM,FEDx_SON,FEDx_OR,FEDx_EXP,INT_STD,INT_STD_TR,FEDx_INT_ECO,BULK,BULK
LITHIC,531367,26,NA,PAYZEN_WHT,P_LITHIC_MC_20_61_94_98_ST_TOPAZ_12_V01_v143,WHT_MC_20_94_ST_TOPAZ_122_V01_DI,USPS,USPS_TR,USPS_PM,FEDx_SON,FEDx_OR,FEDx_EXP,INT_STD,INT_STD_TR,FEDx_INT_ECO,BULK,BULK,,Package,1,1,,80 Corbett Way,,Eatontown,NJ,US,7724,TAGUS,,,,,,,,,,,USPS,USPS_TR,USPS_PM,FEDx_SON,FEDx_OR,FEDx_EXP,INT_STD,INT_STD_TR,FEDx_INT_ECO,BULK,BULK
#LITHIC,531367,26,NA,PAYZEN_WHT,P_LITHIC_MC_20_94_ST_TOPAZ_122_V01_v143,WHT_MC_20_94_ST_TOPAZ_122,USPS,USPS_TR,USPS_PM,FEDx_SON,FEDx_OR,FEDx_EXP,INT_STD,INT_STD_TR,FEDx_INT_ECO,BULK,BULK,,Package,1,1,,80 Corbett Way,,Eatontown,NJ,US,7724,TAGUS,,,,,,,,,,,USPS,USPS_TR,USPS_PM,FEDx_SON,FEDx_OR,FEDx_EXP,INT_STD,INT_STD_TR,FEDx_INT_ECO,BULK,BULK
#LITHIC,522419,15,NA,PAWP,P_LITHIC_MC_20_94_ST_TOPAZ_122_V01_v143,WHT_MC_20_94_ST_TOPAZ_122,USPS,USPS_TR,USPS_PM,FEDx_SON,FEDx_OR,FEDx_EXP,INT_STD,INT_STD_TR,FEDx_INT_ECO,BULK,BULK,,Package,1,1,,80 Corbett Way,,Eatontown,NJ,US,7724,TAGUS,,,,,,,,,,,USPS,USPS_TR,USPS_PM,FEDx_SON,FEDx_OR,FEDx_EXP,INT_STD,INT_STD_TR,FEDx_INT_ECO,BULK,BULK
#LITHIC,522419,35,NA,WAO,P_LITHIC_MC_20_94_ST_TOPAZ_122_V01_v143,WAO_MC_20_94_ST_TOPAZ_122,USPS,USPS_TR,USPS_PM,FEDx_SON,FEDx_OR,FEDx_EXP,INT_STD,INT_STD_TR,FEDx_INT_ECO,BULK,BULK,,Package,1,1,,80 Corbett Way,,Eatontown,NJ,US,7724,TAGUS,,,,,,,,,,,USPS,USPS_TR,USPS_PM,FEDx_SON,FEDx_OR,FEDx_EXP,INT_STD,INT_STD_TR,FEDx_INT_ECO,BULK,BULK
#TERNITUP,517947,14,NA,TERNITUP,P_LITHIC_MC_20_94_ST_TOPAZ_122_V01_v143,TERNITUP_MC_20_94_ST_TOPAZ_122,USPS,USPS_TR,USPS_PM,FEDx_SON,FEDx_OR,FEDx_EXP,INT_STD,INT_STD_TR,FEDx_INT_ECO,BULK,BULK,,Package,1,1,,80 Corbett Way,,Eatontown,NJ,US,7724,TAGUS,,,,,,,,,,,USPS,USPS_TR,USPS_PM,FEDx_SON,FEDx_OR,FEDx_EXP,INT_STD,INT_STD_TR,FEDx_INT_ECO,BULK,BULK
#LITHIC,517947,53,NA,TERNITUP,P_LITHIC_MC_20_94_ST_TOPAZ_122_V01_v143,TERNITUP_MC_20_94_ST_TOPAZ_122,USPS,USPS_TR,USPS_PM,FEDx_SON,FEDx_OR,FEDx_EXP,INT_STD,INT_STD_TR,FEDx_INT_ECO,BULK,BULK,,Package,1,1,,80 Corbett Way,,Eatontown,NJ,US,7724,TAGUS,,,,,,,,,,,USPS,USPS_TR,USPS_PM,FEDx_SON,FEDx_OR,FEDx_EXP,INT_STD,INT_STD_TR,FEDx_INT_ECO,BULK,BULK
LITHIC,517947,53,NA,TERNITUP,P_LITHIC_MC_20_61_94_98_ST_TOPAZ_12_V01_v143,TERNITUP_MC_20_94_ST_TOPAZ_122_V01_DI,USPS,USPS_TR,USPS_PM,FEDx_SON,FEDx_OR,FEDx_EXP,INT_STD,INT_STD_TR,FEDx_INT_ECO,BULK,BULK,,Package,1,1,,80 Corbett Way,,Eatontown,NJ,US,7724,TAGUS,,,,,,,,,,,USPS,USPS_TR,USPS_PM,FEDx_SON,FEDx_OR,FEDx_EXP,INT_STD,INT_STD_TR,FEDx_INT_ECO,BULK,BULK
#TERNITUP,515157,14,NA,TERNITUP,P_LITHIC_MC_20_94_ST_TOPAZ_122_V01_v143,TERNITUP_MC_20_94_ST_TOPAZ_122,USPS,USPS_TR,USPS_PM,FEDx_SON,FEDx_OR,FEDx_EXP,INT_STD,INT_STD_TR,FEDx_INT_ECO,BULK,BULK,,Package,1,1,,80 Corbett Way,,Eatontown,NJ,US,7724,TAGUS,,,,,,,,,,,USPS,USPS_TR,USPS_PM,FEDx_SON,FEDx_OR,FEDx_EXP,INT_STD,INT_STD_TR,FEDx_INT_ECO,BULK,BULK
TERNITUP,515157,14,NA,TERNITUP,P_LITHIC_MC_20_61_94_98_ST_TOPAZ_12_V01_v143,TERNITUP_MC_20_94_ST_TOPAZ_122_V01_DI,USPS,USPS_TR,USPS_PM,FEDx_SON,FEDx_OR,FEDx_EXP,INT_STD,INT_STD_TR,FEDx_INT_ECO,BULK,BULK,,Package,1,1,,80 Corbett Way,,Eatontown,NJ,US,7724,TAGUS,,,,,,,,,,,USPS,USPS_TR,USPS_PM,FEDx_SON,FEDx_OR,FEDx_EXP,INT_STD,INT_STD_TR,FEDx_INT_ECO,BULK,BULK
#TERNITUP,514993,14,NA,TERNITUP,P_LITHIC_MC_20_94_ST_TOPAZ_122_V01_v143,TERNITUP_MC_20_94_ST_TOPAZ_122,USPS,USPS_TR,USPS_PM,FEDx_SON,FEDx_OR,FEDx_EXP,INT_STD,INT_STD_TR,FEDx_INT_ECO,BULK,BULK,,Package,1,1,,80 Corbett Way,,Eatontown,NJ,US,7724,TAGUS,,,,,,,,,,,USPS,USPS_TR,USPS_PM,FEDx_SON,FEDx_OR,FEDx_EXP,INT_STD,INT_STD_TR,FEDx_INT_ECO,BULK,BULK
TERNITUP,514993,14,NA,TERNITUP,P_LITHIC_MC_20_61_94_98_ST_TOPAZ_12_V01_v143,TERNITUP_MC_20_94_ST_TOPAZ_122_V01_DI,USPS,USPS_TR,USPS_PM,FEDx_SON,FEDx_OR,FEDx_EXP,INT_STD,INT_STD_TR,FEDx_INT_ECO,BULK,BULK,,Package,1,1,,80 Corbett Way,,Eatontown,NJ,US,7724,TAGUS,,,,,,,,,,,USPS,USPS_TR,USPS_PM,FEDx_SON,FEDx_OR,FEDx_EXP,INT_STD,INT_STD_TR,FEDx_INT_ECO,BULK,BULK
TERNITUP,511737,14,NA,TERNITUP,P_LITHIC_MC_20_61_94_98_ST_TOPAZ_12_V01_v143,TERNITUP_MC_20_94_ST_TOPAZ_122_V01_DI,USPS,USPS_TR,USPS_PM,FEDx_SON,FEDx_OR,FEDx_EXP,INT_STD,INT_STD_TR,FEDx_INT_ECO,BULK,BULK,,Package,1,1,,80 Corbett Way,,Eatontown,NJ,US,7724,TAGUS,,,,,,,,,,,USPS,USPS_TR,USPS_PM,FEDx_SON,FEDx_OR,FEDx_EXP,INT_STD,INT_STD_TR,FEDx_INT_ECO,BULK,BULK
#TERNITUP,511737,14,NA,TERNITUP,P_LITHIC_MC_20_94_ST_TOPAZ_122_V01_v143,TERNITUP_MC_20_94_ST_TOPAZ_122,USPS,USPS_TR,USPS_PM,FEDx_SON,FEDx_OR,FEDx_EXP,INT_STD,INT_STD_TR,FEDx_INT_ECO,BULK,BULK,,Package,1,1,,80 Corbett Way,,Eatontown,NJ,US,7724,TAGUS,,,,,,,,,,,USPS,USPS_TR,USPS_PM,FEDx_SON,FEDx_OR,FEDx_EXP,INT_STD,INT_STD_TR,FEDx_INT_ECO,BULK,BULK
TERNITUP,522323,14,NA,TERNITUP,P_LITHIC_MC_20_61_94_98_ST_TOPAZ_12_V01_v143,TERNITUP_MC_20_94_ST_TOPAZ_122_V01_DI,USPS,USPS_TR,USPS_PM,FEDx_SON,FEDx_OR,FEDx_EXP,INT_STD,INT_STD_TR,FEDx_INT_ECO,BULK,BULK,,Package,1,1,,80 Corbett Way,,Eatontown,NJ,US,7724,TAGUS,,,,,,,,,,,USPS,USPS_TR,USPS_PM,FEDx_SON,FEDx_OR,FEDx_EXP,INT_STD,INT_STD_TR,FEDx_INT_ECO,BULK,BULK
#TERNITUP,522323,14,NA,TERNITUP,P_LITHIC_MC_20_94_ST_TOPAZ_122_V01_v143,TERNITUP_MC_20_94_ST_TOPAZ_122,USPS,USPS_TR,USPS_PM,FEDx_SON,FEDx_OR,FEDx_EXP,INT_STD,INT_STD_TR,FEDx_INT_ECO,BULK,BULK,,Package,1,1,,80 Corbett Way,,Eatontown,NJ,US,7724,TAGUS,,,,,,,,,,,USPS,USPS_TR,USPS_PM,FEDx_SON,FEDx_OR,FEDx_EXP,INT_STD,INT_STD_TR,FEDx_INT_ECO,BULK,BULK
LITHIC,531367,36,NA,CPEDGE,P_LITHIC_MC_20_61_94_98_ST_TOPAZ_12_V01_v143,CPEDGE_MC_20_94_ST_TOPAZ_122_V01_DI,USPS,USPS_TR,USPS_PM,FEDx_SON,FEDx_OR,FEDx_EXP,INT_STD,INT_STD_TR,FEDx_INT_ECO,BULK,BULK,,Package,1,1,,80 Corbett Way,,Eatontown,NJ,US,7724,TAGUS,,,,,,,,,,,USPS,USPS_TR,USPS_PM,FEDx_SON,FEDx_OR,FEDx_EXP,INT_STD,INT_STD_TR,FEDx_INT_ECO,BULK,BULK
#LITHIC,531367,36,NA,CPEDGE,P_LITHIC_MC_20_94_ST_TOPAZ_122_V01_v143,CPEDGE_MC_20_94_ST_TOPAZ_122_V01,USPS,USPS_TR,USPS_PM,FEDx_SON,FEDx_OR,FEDx_EXP,INT_STD,INT_STD_TR,FEDx_INT_ECO,BULK,BULK,,Package,1,1,,80 Corbett Way,,Eatontown,NJ,US,7724,TAGUS,,,,,,,,,,,USPS,USPS_TR,USPS_PM,FEDx_SON,FEDx_OR,FEDx_EXP,INT_STD,INT_STD_TR,FEDx_INT_ECO,BULK,BULK
#LITHIC,522419,22,NA,SPLITWISE,P_LITHIC_MC_20_94_ST_TOPAZ_122_V01_v143,SPLITWISE_MC_20_94_ST_TOPAZ_122_V01,USPS,USPS_TR,USPS_PM,FEDx_SON,FEDx_OR,FEDx_EXP,INT_STD,INT_STD_TR,FEDx_INT_ECO,BULK,BULK,,Package,1,1,,80 Corbett Way,,Eatontown,NJ,US,7724,TAGUS,,,,,,,,,,,USPS,USPS_TR,USPS_PM,FEDx_SON,FEDx_OR,FEDx_EXP,INT_STD,INT_STD_TR,FEDx_INT_ECO,BULK,BULK
LITHIC,522419,22,NA,SPLITWISE,P_LITHIC_MC_20_61_94_98_ST_TOPAZ_12_V01_v143,SPLITWISE_MC_20_94_ST_TOPAZ_122_V01_DI,USPS,USPS_TR,USPS_PM,FEDx_SON,FEDx_OR,FEDx_EXP,INT_STD,INT_STD_TR,FEDx_INT_ECO,BULK,BULK,,Package,1,1,,80 Corbett Way,,Eatontown,NJ,US,7724,TAGUS,,,,,,,,,,,USPS,USPS_TR,USPS_PM,FEDx_SON,FEDx_OR,FEDx_EXP,INT_STD,INT_STD_TR,FEDx_INT_ECO,BULK,BULK
#LITHIC,522323,47,NA,PICKTRACE,P_LITHIC_MC_20_94_ST_TOPAZ_122_V01_v143,PICKTRACE_MC_20_94_ST_TOPAZ_122_V01,USPS,USPS_TR,USPS_PM,FEDx_SON,FEDx_OR,FEDx_EXP,INT_STD,INT_STD_TR,FEDx_INT_ECO,BULK,BULK,,Package,1,1,,80 Corbett Way,,Eatontown,NJ,US,7724,TAGUS,,,,,,,,,,,USPS,USPS_TR,USPS_PM,FEDx_SON,FEDx_OR,FEDx_EXP,INT_STD,INT_STD_TR,FEDx_INT_ECO,BULK,BULK
LITHIC,522323,47,NA,PICKTRACE,P_LITHIC_MC_20_61_94_98_ST_TOPAZ_12_V01_v143,PICKTRACE_MC_20_94_ST_TOPAZ_122_V01_DI,USPS,USPS_TR,USPS_PM,FEDx_SON,FEDx_OR,FEDx_EXP,INT_STD,INT_STD_TR,FEDx_INT_ECO,BULK,BULK,,Package,1,1,,80 Corbett Way,,Eatontown,NJ,US,7724,TAGUS,,,,,,,,,,,USPS,USPS_TR,USPS_PM,FEDx_SON,FEDx_OR,FEDx_EXP,INT_STD,INT_STD_TR,FEDx_INT_ECO,BULK,BULK
#LITHIC,522833,14,NA,LITHIC,P_LITHIC_MC_20_94_ST_TOPAZ_122_V01_v143,LITHIC_MC_20_94_ST_TOPAZ_122_V01,USPS,USPS_TR,USPS_PM,FEDx_SON,FEDx_OR,FEDx_EXP,INT_STD,INT_STD_TR,FEDx_INT_ECO,BULK,BULK,,Package,1,1,,80 Corbett Way,,Eatontown,NJ,US,7724,TAGUS,,,,,,,,,,,USPS,USPS_TR,USPS_PM,FEDx_SON,FEDx_OR,FEDx_EXP,INT_STD,INT_STD_TR,FEDx_INT_ECO,BULK,BULK
LITHIC,522833,14,NA,LITHIC,P_LITHIC_MC_20_61_94_98_ST_TOPAZ_12_V01_v143,LITHIC_MC_20_94_ST_TOPAZ_122_V01_DI,USPS,USPS_TR,USPS_PM,FEDx_SON,FEDx_OR,FEDx_EXP,INT_STD,INT_STD_TR,FEDx_INT_ECO,BULK,BULK,,Package,1,1,,80 Corbett Way,,Eatontown,NJ,US,7724,TAGUS,,,,,,,,,,,USPS,USPS_TR,USPS_PM,FEDx_SON,FEDx_OR,FEDx_EXP,INT_STD,INT_STD_TR,FEDx_INT_ECO,BULK,BULK
#LITHIC,523048,14,NA,LITHIC,P_LITHIC_MC_20_94_ST_TOPAZ_122_V01_v143,LITHIC_MC_20_94_ST_TOPAZ_122_V01,USPS,USPS_TR,USPS_PM,FEDx_SON,FEDx_OR,FEDx_EXP,INT_STD,INT_STD_TR,FEDx_INT_ECO,BULK,BULK,,Package,1,1,,80 Corbett Way,,Eatontown,NJ,US,7724,TAGUS,,,,,,,,,,,USPS,USPS_TR,USPS_PM,FEDx_SON,FEDx_OR,FEDx_EXP,INT_STD,INT_STD_TR,FEDx_INT_ECO,BULK,BULK
LITHIC,523048,14,NA,LITHIC,P_LITHIC_MC_20_61_94_98_ST_TOPAZ_12_V01_v143,LITHIC_MC_20_94_ST_TOPAZ_122_V01_DI,USPS,USPS_TR,USPS_PM,FEDx_SON,FEDx_OR,FEDx_EXP,INT_STD,INT_STD_TR,FEDx_INT_ECO,BULK,BULK,,Package,1,1,,80 Corbett Way,,Eatontown,NJ,US,7724,TAGUS,,,,,,,,,,,USPS,USPS_TR,USPS_PM,FEDx_SON,FEDx_OR,FEDx_EXP,INT_STD,INT_STD_TR,FEDx_INT_ECO,BULK,BULK
LITHIC,521223,14,NA,DI,P_LITHIC_MC_20_61_94_98_ST_TOPAZ_12_V01_v143,LITHIC_MC_20_94_ST_TOPAZ_122_V01_DI,USPS,USPS_TR,USPS_PM,FEDx_SON,FEDx_OR,FEDx_EXP,INT_STD,INT_STD_TR,FEDx_INT_ECO,BULK,BULK,,Package,1,1,,80 Corbett Way,,Eatontown,NJ,US,7724,TAGUS,,,,,,,,,,,USPS,USPS_TR,USPS_PM,FEDx_SON,FEDx_OR,FEDx_EXP,INT_STD,INT_STD_TR,FEDx_INT_ECO,BULK,BULK
LITHIC,539403,44,GENERIC,GENERIC_FIZZ,P_LITHIC_MC_20_61_94_98_ST_TOPAZ_12_V01_v143,FIZZ_MC_20_94_ST_TOPAZ_122_V01_DI,USPS,USPS_TR,USPS_PM,FEDx_SON,FEDx_OR,FEDx_EXP,INT_STD,INT_STD_TR,FEDx_INT_ECO,BULK,BULK,,Package,1,1,,80 Corbett Way,,Eatontown,NJ,US,7724,TAGUS,,,,,,,,,,,USPS,USPS_TR,USPS_PM,FEDx_SON,FEDx_OR,FEDx_EXP,INT_STD,INT_STD_TR,FEDx_INT_ECO,BULK,BULK
LITHIC,539403,45,CUSTOM,CUSTOM_FIZZ,P_LITHIC_MC_20_61_94_98_ST_TOPAZ_12_V01_v143,FIZZ_MC_20_94_ST_TOPAZ_122_V01_DI,USPS,USPS_TR,USPS_PM,FEDx_SON,FEDx_OR,FEDx_EXP,INT_STD,INT_STD_TR,FEDx_INT_ECO,BULK,BULK,,Package,1,1,,80 Corbett Way,,Eatontown,NJ,US,7724,TAGUS,,,,,,,,,,,USPS,USPS_TR,USPS_PM,FEDx_SON,FEDx_OR,FEDx_EXP,INT_STD,INT_STD_TR,FEDx_INT_ECO,BULK,BULK
LITHIC,522419,35,NA,WAO,P_LITHIC_MC_20_61_94_98_ST_TOPAZ_12_V01_v143,WAO_MC_20_94_ST_TOPAZ_122_V01_DI,USPS,USPS_TR,USPS_PM,FEDx_SON,FEDx_OR,FEDx_EXP,INT_STD,INT_STD_TR,FEDx_INT_ECO,BULK,BULK,,Package,1,1,,80 Corbett Way,,Eatontown,NJ,US,7724,TAGUS,,,,,,,,,,,USPS,USPS_TR,USPS_PM,FEDx_SON,FEDx_OR,FEDx_EXP,INT_STD,INT_STD_TR,FEDx_INT_ECO,BULK,BULK
#LITHIC,522419,35,NA,WAO,P_LITHIC_MC_20_94_ST_TOPAZ_122_V01_v143,WAO_MC_20_94_ST_TOPAZ_122,USPS,USPS_TR,USPS_PM,FEDx_SON,FEDx_OR,FEDx_EXP,INT_STD,INT_STD_TR,FEDx_INT_ECO,BULK,BULK,,Package,1,1,,80 Corbett Way,,Eatontown,NJ,US,7724,TAGUS,,,,,,,,,,,USPS,USPS_TR,USPS_PM,FEDx_SON,FEDx_OR,FEDx_EXP,INT_STD,INT_STD_TR,FEDx_INT_ECO,BULK,BULK
LITHIC,531367,41,NA,NOVO,P_LITHIC_MC_20_61_94_98_ST_TOPAZ_12_V01_v143,NOVO_MC_20_94_ST_TOPAZ_122_V01_DI,USPS,USPS_TR,USPS_PM,FEDx_SON,FEDx_OR,FEDx_EXP,INT_STD,INT_STD_TR,FEDx_INT_ECO,BULK,BULK,,Package,1,1,,80 Corbett Way,,Eatontown,NJ,US,7724,TAGUS,,,,,,,,,,,USPS,USPS_TR,USPS_PM,FEDx_SON,FEDx_OR,FEDx_EXP,INT_STD,INT_STD_TR,FEDx_INT_ECO,BULK,BULK
#LITHIC,531367,41,NA,NOVO,P_LITHIC_MC_20_94_ST_TOPAZ_122_V01_v143,NOVO_MC_20_94_ST_TOPAZ_122_V01_DI,USPS,USPS_TR,USPS_PM,FEDx_SON,FEDx_OR,FEDx_EXP,INT_STD,INT_STD_TR,FEDx_INT_ECO,BULK,BULK,,Package,1,1,,80 Corbett Way,,Eatontown,NJ,US,7724,TAGUS,,,,,,,,,,,USPS,USPS_TR,USPS_PM,FEDx_SON,FEDx_OR,FEDx_EXP,INT_STD,INT_STD_TR,FEDx_INT_ECO,BULK,BULK
LITHIC,533402,46,NA,LITHIC,P_LITHIC_MC_20_94_ST_TOPAZ_122_V04_v143,LITHIC_MC_20_94_ST_TOPAZ_122_V01_DI,USPS,USPS_TR,USPS_PM,FEDx_SON,FEDx_OR,FEDx_EXP,INT_STD,INT_STD_TR,FEDx_INT_ECO,BULK,BULK,,Package,1,1,,80 Corbett Way,,Eatontown,NJ,US,7724,TAGUS,,,,,,,,,,,USPS,USPS_TR,USPS_PM,FEDx_SON,FEDx_OR,FEDx_EXP,INT_STD,INT_STD_TR,FEDx_INT_ECO,BULK,BULK
LITHIC,53356154,50,NA,WESTGATE,P_WESTGATE_MC_20_94_ST_TOPAZ_122_V02_v143,WESTGATE_MC_20_94_ST_TOPAZ_122_V01_DI,USPS,USPS_TR,USPS_PM,FEDx_SON,FEDx_OR,FEDx_EXP,INT_STD,INT_STD_TR,FEDx_INT_ECO,BULK,BULK,,Package,1,1,,80 Corbett Way,,Eatontown,NJ,US,7724,TAGUS,,,,,,,,,,,USPS,USPS_TR,USPS_PM,FEDx_SON,FEDx_OR,FEDx_EXP,INT_STD,INT_STD_TR,FEDx_INT_ECO,BULK,BULK
LITHIC,53356173,56,NA,WESTGATE,P_WESTGATE_MC_20_94_ST_TOPAZ_122_V02_v143,WESTGATE_MC_20_94_ST_TOPAZ_122_V01_DI,USPS,USPS_TR,USPS_PM,FEDx_SON,FEDx_OR,FEDx_EXP,INT_STD,INT_STD_TR,FEDx_INT_ECO,BULK,BULK,,Package,1,1,,80 Corbett Way,,Eatontown,NJ,US,7724,TAGUS,,,,,,,,,,,USPS,USPS_TR,USPS_PM,FEDx_SON,FEDx_OR,FEDx_EXP,INT_STD,INT_STD_TR,FEDx_INT_ECO,BULK,BULK
LITHIC,539406,52,NA,ANCHORAGE,P_LITHIC_MC_20_61_94_98_ST_TOPAZ_12_V01_v143,ANCHORAGE_MC_20_94_ST_TOPAZ_122_V01_DI,USPS,USPS_TR,USPS_PM,FEDx_SON,FEDx_OR,FEDx_EXP,INT_STD,INT_STD_TR,FEDx_INT_ECO,BULK,BULK,,Package,1,1,,80 Corbett Way,,Eatontown,NJ,US,7724,TAGUS,,,,,,,,,,,USPS,USPS_TR,USPS_PM,FEDx_SON,FEDx_OR,FEDx_EXP,INT_STD,INT_STD_TR,FEDx_INT_ECO,BULK,BULK
LITHIC,521223,42,NA,NOVO,P_LITHIC_MC_20_61_94_98_ST_TOPAZ_12_V01_v143,NOVO_MC_20_94_ST_TOPAZ_122_V01_DI,USPS,USPS_TR,USPS_PM,FEDx_SON,FEDx_OR,FEDx_EXP,INT_STD,INT_STD_TR,FEDx_INT_ECO,BULK,BULK,,Package,1,1,,80 Corbett Way,,Eatontown,NJ,US,7724,TAGUS,,,,,,,,,,,USPS,USPS_TR,USPS_PM,FEDx_SON,FEDx_OR,FEDx_EXP,INT_STD,INT_STD_TR,FEDx_INT_ECO,BULK,BULK
LITHIC,539403,48,NA,PATH,P_LITHIC_MC_20_61_94_98_ST_TOPAZ_12_V01_v143,PATH_MC_20_94_ST_TOPAZ_122_V01_DI,USPS,USPS_TR,USPS_PM,FEDx_SON,FEDx_OR,FEDx_EXP,INT_STD,INT_STD_TR,FEDx_INT_ECO,BULK,BULK,,Package,1,1,,80 Corbett Way,,Eatontown,NJ,US,7724,TAGUS,,,,,,,,,,,USPS,USPS_TR,USPS_PM,FEDx_SON,FEDx_OR,FEDx_EXP,INT_STD,INT_STD_TR,FEDx_INT_ECO,BULK,BULK
LITHIC,556310,51,NA,TALLIED,P_LITHIC_MC_20_94_ST_TOPAZ_122_V04_v143,TALLIED_MC_20_94_ST_TOPAZ_122,USPS,USPS_TR,USPS_PM,FEDx_SON,FEDx_OR,FEDx_EXP,INT_STD,INT_STD_TR,FEDx_INT_ECO,BULK,BULK,,Package,1,1,,80 Corbett Way,,Eatontown,NJ,US,7724,TAGUS,,,,,,,,,,,USPS,USPS_TR,USPS_PM,FEDx_SON,FEDx_OR,FEDx_EXP,INT_STD,INT_STD_TR,FEDx_INT_ECO,BULK,BULK
LITHIC,531367,40,NA,TREMENDOUS,P_LITHIC_MC_20_61_94_98_ST_TOPAZ_12_V01_v143,TREMENDOUS_MC_20_94_ST_TOPAZ_122_V01_DI,USPS,USPS_TR,USPS_PM,FEDx_SON,FEDx_OR,FEDx_EXP,INT_STD,INT_STD_TR,FEDx_INT_ECO,BULK,BULK,,Package,1,1,,80 Corbett Way,,Eatontown,NJ,US,7724,TAGUS,,,,,,,,,,,USPS,USPS_TR,USPS_PM,FEDx_SON,FEDx_OR,FEDx_EXP,INT_STD,INT_STD_TR,FEDx_INT_ECO,BULK,BULK
#LITHIC,531367,40,NA,TREMENDOUS,P_LITHIC_MC_20_94_ST_TOPAZ_122_V01_v143,TREMENDOUS_MC_20_94_ST_TOPAZ_122,USPS,USPS_TR,USPS_PM,FEDx_SON,FEDx_OR,FEDx_EXP,INT_STD,INT_STD_TR,FEDx_INT_ECO,BULK,BULK,,Package,1,1,,80 Corbett Way,,Eatontown,NJ,US,7724,TAGUS,,,,,,,,,,,USPS,USPS_TR,USPS_PM,FEDx_SON,FEDx_OR,FEDx_EXP,INT_STD,INT_STD_TR,FEDx_INT_ECO,BULK,BULK
